Date,Open,High,Low,Close,Adj Close,Volume,Dividends,Stock Splits,Capital Gains
2006-05-23 00:00:00-04:00,65.98999786376953,67.16000366210938,65.91000366210938,66.37999725341797,66.37999725341797,10509700,0.0,0.0,0.0
2006-05-24 00:00:00-04:00,64.83000183105469,65.16000366210938,63.220001220703125,64.05999755859375,64.05999755859375,11065600,0.0,0.0,0.0
2006-05-25 00:00:00-04:00,64.12000274658203,64.76000213623047,63.7599983215332,64.69999694824219,64.69999694824219,6505400,0.0,0.0,0.0
2006-05-26 00:00:00-04:00,65.01000213623047,65.0999984741211,63.75,65.0999984741211,65.0999984741211,5265900,0.0,0.0,0.0
2006-05-30 00:00:00-04:00,65.19999694824219,66.23999786376953,65.0,65.11000061035156,65.11000061035156,8240200,0.0,0.0,0.0
2006-05-31 00:00:00-04:00,65.52999877929688,65.58999633789062,63.58000183105469,64.2300033569336,64.2300033569336,7573300,0.0,0.0,0.0
2006-06-01 00:00:00-04:00,62.150001525878906,62.970001220703125,61.79999923706055,62.560001373291016,62.560001373291016,11751400,0.0,0.0,0.0
2006-06-02 00:00:00-04:00,63.099998474121094,63.59000015258789,62.529998779296875,63.5,63.5,6958900,0.0,0.0,0.0
2006-06-05 00:00:00-04:00,63.81999969482422,64.19000244140625,63.119998931884766,63.290000915527344,63.290000915527344,6018600,0.0,0.0,0.0
2006-06-06 00:00:00-04:00,62.58000183105469,62.66999816894531,62.15999984741211,62.54999923706055,62.54999923706055,7175100,0.0,0.0,0.0
2006-06-07 00:00:00-04:00,61.540000915527344,62.849998474121094,61.349998474121094,62.279998779296875,62.279998779296875,10172700,0.0,0.0,0.0
2006-06-08 00:00:00-04:00,61.5,61.529998779296875,60.43000030517578,60.90999984741211,60.90999984741211,14228500,0.0,0.0,0.0
2006-06-09 00:00:00-04:00,61.16999816894531,61.380001068115234,59.709999084472656,60.45000076293945,60.45000076293945,7414800,0.0,0.0,0.0
2006-06-12 00:00:00-04:00,60.779998779296875,60.84000015258789,59.97999954223633,60.029998779296875,60.029998779296875,4122500,0.0,0.0,0.0
2006-06-13 00:00:00-04:00,58.099998474121094,58.650001525878906,55.810001373291016,55.91999816894531,55.91999816894531,26220600,0.0,0.0,0.0
2006-06-14 00:00:00-04:00,56.650001525878906,56.90999984741211,55.04999923706055,55.619998931884766,55.619998931884766,12655100,0.0,0.0,0.0
2006-06-15 00:00:00-04:00,57.119998931884766,57.619998931884766,56.33000183105469,57.31999969482422,57.31999969482422,11907900,0.0,0.0,0.0
2006-06-16 00:00:00-04:00,57.29999923706055,57.93000030517578,56.43000030517578,57.68000030517578,57.68000030517578,7319400,0.0,0.0,0.0
2006-06-19 00:00:00-04:00,56.849998474121094,57.25,56.150001525878906,56.36000061035156,56.36000061035156,5737400,0.0,0.0,0.0
2006-06-20 00:00:00-04:00,56.63999938964844,57.47999954223633,56.15999984741211,57.29999923706055,57.29999923706055,11072400,0.0,0.0,0.0
2006-06-21 00:00:00-04:00,56.619998931884766,58.77000045776367,56.619998931884766,58.33000183105469,58.33000183105469,6162100,0.0,0.0,0.0
2006-06-22 00:00:00-04:00,58.16999816894531,58.61000061035156,57.65999984741211,57.72999954223633,57.72999954223633,5374800,0.0,0.0,0.0
2006-06-23 00:00:00-04:00,57.27000045776367,58.29999923706055,57.27000045776367,57.9900016784668,57.9900016784668,6106700,0.0,0.0,0.0
2006-06-26 00:00:00-04:00,58.25,58.33000183105469,57.41999816894531,58.279998779296875,58.279998779296875,3423700,0.0,0.0,0.0
2006-06-27 00:00:00-04:00,58.709999084472656,59.2599983215332,57.68000030517578,57.68000030517578,57.68000030517578,6515900,0.0,0.0,0.0
2006-06-28 00:00:00-04:00,58.150001525878906,58.189998626708984,57.349998474121094,57.540000915527344,57.540000915527344,2898900,0.0,0.0,0.0
2006-06-29 00:00:00-04:00,58.0,59.779998779296875,58.0,59.52000045776367,59.52000045776367,10748500,0.0,0.0,0.0
2006-06-30 00:00:00-04:00,60.869998931884766,61.349998474121094,60.68000030517578,61.22999954223633,61.22999954223633,7773800,0.0,0.0,0.0
2006-07-03 00:00:00-04:00,61.959999084472656,62.369998931884766,61.880001068115234,62.18000030517578,62.18000030517578,3078500,0.0,0.0,0.0
2006-07-05 00:00:00-04:00,62.47999954223633,62.630001068115234,61.439998626708984,62.5,62.5,8178400,0.0,0.0,0.0
2006-07-06 00:00:00-04:00,62.459999084472656,63.20000076293945,62.04999923706055,63.02000045776367,63.02000045776367,5686600,0.0,0.0,0.0
2006-07-07 00:00:00-04:00,62.84000015258789,63.04999923706055,62.459999084472656,62.630001068115234,62.630001068115234,5328700,0.0,0.0,0.0
2006-07-10 00:00:00-04:00,62.130001068115234,62.5,61.9900016784668,62.02000045776367,62.02000045776367,3512000,0.0,0.0,0.0
2006-07-11 00:00:00-04:00,62.83000183105469,63.97999954223633,62.70000076293945,63.810001373291016,63.810001373291016,5787000,0.0,0.0,0.0
2006-07-12 00:00:00-04:00,64.6500015258789,65.19000244140625,63.0099983215332,64.91999816894531,64.91999816894531,9450300,0.0,0.0,0.0
2006-07-13 00:00:00-04:00,65.08999633789062,65.68000030517578,64.11000061035156,65.55000305175781,65.55000305175781,12226800,0.0,0.0,0.0
2006-07-14 00:00:00-04:00,65.9000015258789,66.41999816894531,65.69999694824219,65.8499984741211,65.8499984741211,10035800,0.0,0.0,0.0
2006-07-17 00:00:00-04:00,64.79000091552734,65.22000122070312,63.66999816894531,63.95000076293945,63.95000076293945,9905000,0.0,0.0,0.0
2006-07-18 00:00:00-04:00,64.75,64.75,62.34000015258789,62.900001525878906,62.900001525878906,7639300,0.0,0.0,0.0
2006-07-19 00:00:00-04:00,62.56999969482422,64.23999786376953,62.47999954223633,64.02999877929688,64.02999877929688,7261300,0.0,0.0,0.0
2006-07-20 00:00:00-04:00,63.400001525878906,63.970001220703125,62.400001525878906,62.540000915527344,62.540000915527344,6402700,0.0,0.0,0.0
2006-07-21 00:00:00-04:00,63.189998626708984,63.25,61.209999084472656,61.709999084472656,61.709999084472656,6949300,0.0,0.0,0.0
2006-07-24 00:00:00-04:00,60.630001068115234,61.22999954223633,59.83000183105469,61.13999938964844,61.13999938964844,7281000,0.0,0.0,0.0
2006-07-25 00:00:00-04:00,61.34000015258789,61.599998474121094,60.560001373291016,61.54999923706055,61.54999923706055,4736800,0.0,0.0,0.0
2006-07-26 00:00:00-04:00,61.349998474121094,62.36000061035156,60.93000030517578,62.0,62.0,3376000,0.0,0.0,0.0
2006-07-27 00:00:00-04:00,63.529998779296875,63.61000061035156,62.54999923706055,62.900001525878906,62.900001525878906,4697300,0.0,0.0,0.0
2006-07-28 00:00:00-04:00,62.779998779296875,63.34000015258789,62.75,63.11000061035156,63.11000061035156,3156400,0.0,0.0,0.0
2006-07-31 00:00:00-04:00,63.119998931884766,63.349998474121094,62.439998626708984,63.15999984741211,63.15999984741211,3420200,0.0,0.0,0.0
2006-08-01 00:00:00-04:00,62.91999816894531,64.45999908447266,62.91999816894531,64.31999969482422,64.31999969482422,4669800,0.0,0.0,0.0
2006-08-02 00:00:00-04:00,64.73999786376953,65.22000122070312,64.4000015258789,64.75,64.75,5052000,0.0,0.0,0.0
2006-08-03 00:00:00-04:00,64.0,64.33000183105469,63.54999923706055,64.12000274658203,64.12000274658203,3840600,0.0,0.0,0.0
2006-08-04 00:00:00-04:00,64.87000274658203,64.9800033569336,64.0,64.27999877929688,64.27999877929688,4811100,0.0,0.0,0.0
2006-08-07 00:00:00-04:00,64.47000122070312,64.80999755859375,64.25,64.5,64.5,2493800,0.0,0.0,0.0
2006-08-08 00:00:00-04:00,63.97999954223633,64.56999969482422,63.849998474121094,63.970001220703125,63.970001220703125,5574200,0.0,0.0,0.0
2006-08-09 00:00:00-04:00,64.55999755859375,65.12999725341797,64.38999938964844,64.62999725341797,64.62999725341797,4369600,0.0,0.0,0.0
2006-08-10 00:00:00-04:00,64.0199966430664,64.37999725341797,62.970001220703125,63.25,63.25,6869900,0.0,0.0,0.0
2006-08-11 00:00:00-04:00,63.58000183105469,64.0999984741211,62.2400016784668,62.709999084472656,62.709999084472656,6962800,0.0,0.0,0.0
2006-08-14 00:00:00-04:00,62.38999938964844,62.900001525878906,62.02000045776367,62.25,62.25,3526100,0.0,0.0,0.0
2006-08-15 00:00:00-04:00,61.95000076293945,62.27000045776367,61.68000030517578,62.0099983215332,62.0099983215332,4833600,0.0,0.0,0.0
2006-08-16 00:00:00-04:00,62.630001068115234,62.88999938964844,62.2400016784668,62.4900016784668,62.4900016784668,3332900,0.0,0.0,0.0
2006-08-17 00:00:00-04:00,62.31999969482422,62.349998474121094,60.959999084472656,61.029998779296875,61.029998779296875,4215900,0.0,0.0,0.0
2006-08-18 00:00:00-04:00,61.4900016784668,61.5,60.29999923706055,61.040000915527344,61.040000915527344,6418400,0.0,0.0,0.0
2006-08-21 00:00:00-04:00,62.09000015258789,62.47999954223633,61.79999923706055,62.439998626708984,62.439998626708984,3595900,0.0,0.0,0.0
2006-08-22 00:00:00-04:00,62.04999923706055,62.20000076293945,61.61000061035156,62.04999923706055,62.04999923706055,4067700,0.0,0.0,0.0
2006-08-23 00:00:00-04:00,62.560001373291016,62.68000030517578,61.75,61.83000183105469,61.83000183105469,3573700,0.0,0.0,0.0
2006-08-24 00:00:00-04:00,61.97999954223633,62.060001373291016,61.45000076293945,61.75,61.75,2198000,0.0,0.0,0.0
2006-08-25 00:00:00-04:00,61.880001068115234,62.0,61.58000183105469,61.77000045776367,61.77000045776367,2127000,0.0,0.0,0.0
2006-08-28 00:00:00-04:00,61.79999923706055,61.79999923706055,60.83000183105469,61.0,61.0,3584600,0.0,0.0,0.0
2006-08-29 00:00:00-04:00,61.0,61.09000015258789,60.31999969482422,60.939998626708984,60.939998626708984,3609800,0.0,0.0,0.0
2006-08-30 00:00:00-04:00,61.4900016784668,61.65999984741211,61.09000015258789,61.41999816894531,61.41999816894531,2901600,0.0,0.0,0.0
2006-08-31 00:00:00-04:00,62.0,62.29999923706055,61.72999954223633,62.290000915527344,62.290000915527344,4842300,0.0,0.0,0.0
2006-09-01 00:00:00-04:00,61.95000076293945,62.290000915527344,61.47999954223633,62.13999938964844,62.13999938964844,3210200,0.0,0.0,0.0
2006-09-05 00:00:00-04:00,63.20000076293945,63.630001068115234,63.060001373291016,63.36000061035156,63.36000061035156,4219400,0.0,0.0,0.0
2006-09-06 00:00:00-04:00,63.220001220703125,63.52000045776367,62.83000183105469,62.86000061035156,62.86000061035156,3210900,0.0,0.0,0.0
2006-09-07 00:00:00-04:00,61.869998931884766,61.91999816894531,60.9900016784668,61.25,61.25,5402300,0.0,0.0,0.0
2006-09-08 00:00:00-04:00,60.52000045776367,60.77000045776367,60.279998779296875,60.63999938964844,60.63999938964844,3693400,0.0,0.0,0.0
2006-09-11 00:00:00-04:00,58.849998474121094,59.25,57.90999984741211,58.5,58.5,10580700,0.0,0.0,0.0
2006-09-12 00:00:00-04:00,58.650001525878906,59.09000015258789,58.18000030517578,58.31999969482422,58.31999969482422,5836200,0.0,0.0,0.0
2006-09-13 00:00:00-04:00,58.599998474121094,58.93000030517578,57.970001220703125,58.619998931884766,58.619998931884766,3539100,0.0,0.0,0.0
2006-09-14 00:00:00-04:00,58.59000015258789,58.720001220703125,57.08000183105469,57.189998626708984,57.189998626708984,7637700,0.0,0.0,0.0
2006-09-15 00:00:00-04:00,57.20000076293945,57.790000915527344,56.65999984741211,57.400001525878906,57.400001525878906,6454800,0.0,0.0,0.0
2006-09-18 00:00:00-04:00,57.470001220703125,58.38999938964844,57.41999816894531,58.22999954223633,58.22999954223633,4438700,0.0,0.0,0.0
2006-09-19 00:00:00-04:00,58.02000045776367,58.11000061035156,56.84000015258789,56.91999816894531,56.91999816894531,5287000,0.0,0.0,0.0
2006-09-20 00:00:00-04:00,57.810001373291016,58.2400016784668,57.20000076293945,57.2599983215332,57.2599983215332,5385200,0.0,0.0,0.0
2006-09-21 00:00:00-04:00,57.349998474121094,58.09000015258789,57.220001220703125,57.95000076293945,57.95000076293945,3870800,0.0,0.0,0.0
2006-09-22 00:00:00-04:00,58.70000076293945,58.75,57.9900016784668,58.5,58.5,3320300,0.0,0.0,0.0
2006-09-25 00:00:00-04:00,58.150001525878906,58.7599983215332,57.779998779296875,58.5,58.5,3797300,0.0,0.0,0.0
2006-09-26 00:00:00-04:00,58.5,58.970001220703125,58.25,58.7400016784668,58.7400016784668,2763400,0.0,0.0,0.0
2006-09-27 00:00:00-04:00,59.220001220703125,59.86000061035156,58.72999954223633,59.810001373291016,59.810001373291016,4656900,0.0,0.0,0.0
2006-09-28 00:00:00-04:00,59.880001068115234,60.27000045776367,59.56999969482422,59.790000915527344,59.790000915527344,3930900,0.0,0.0,0.0
2006-09-29 00:00:00-04:00,59.52000045776367,59.630001068115234,58.97999954223633,59.470001220703125,59.470001220703125,3201000,0.0,0.0,0.0
2006-10-02 00:00:00-04:00,59.79999923706055,59.880001068115234,59.029998779296875,59.150001525878906,59.150001525878906,2018800,0.0,0.0,0.0
2006-10-03 00:00:00-04:00,57.93000030517578,58.13999938964844,56.90999984741211,57.11000061035156,57.11000061035156,5233800,0.0,0.0,0.0
2006-10-04 00:00:00-04:00,57.470001220703125,57.52000045776367,55.54999923706055,56.369998931884766,56.369998931884766,8153900,0.0,0.0,0.0
2006-10-05 00:00:00-04:00,56.939998626708984,57.02000045776367,56.31999969482422,56.91999816894531,56.91999816894531,3890700,0.0,0.0,0.0
2006-10-06 00:00:00-04:00,56.279998779296875,57.02000045776367,55.630001068115234,56.9900016784668,56.9900016784668,4282700,0.0,0.0,0.0
2006-10-09 00:00:00-04:00,57.459999084472656,57.5,56.720001220703125,57.20000076293945,57.20000076293945,2689800,0.0,0.0,0.0
2006-10-10 00:00:00-04:00,56.54999923706055,57.279998779296875,56.47999954223633,57.0,57.0,3422100,0.0,0.0,0.0
2006-10-11 00:00:00-04:00,57.29999923706055,57.52000045776367,56.70000076293945,56.880001068115234,56.880001068115234,2944200,0.0,0.0,0.0
2006-10-12 00:00:00-04:00,56.7400016784668,57.4900016784668,56.650001525878906,57.4900016784668,57.4900016784668,2777500,0.0,0.0,0.0
2006-10-13 00:00:00-04:00,58.25,58.599998474121094,57.939998626708984,58.56999969482422,58.56999969482422,3078400,0.0,0.0,0.0
2006-10-16 00:00:00-04:00,58.93000030517578,59.18000030517578,58.720001220703125,59.16999816894531,59.16999816894531,1986300,0.0,0.0,0.0
2006-10-17 00:00:00-04:00,59.0,59.099998474121094,58.119998931884766,58.650001525878906,58.650001525878906,2657100,0.0,0.0,0.0
2006-10-18 00:00:00-04:00,58.81999969482422,59.029998779296875,58.2599983215332,58.59000015258789,58.59000015258789,3679000,0.0,0.0,0.0
2006-10-19 00:00:00-04:00,59.040000915527344,59.650001525878906,59.02000045776367,59.40999984741211,59.40999984741211,2952900,0.0,0.0,0.0
2006-10-20 00:00:00-04:00,59.45000076293945,59.47999954223633,58.650001525878906,58.779998779296875,58.779998779296875,3190500,0.0,0.0,0.0
2006-10-23 00:00:00-04:00,57.880001068115234,58.189998626708984,57.52000045776367,57.7599983215332,57.7599983215332,3521800,0.0,0.0,0.0
2006-10-24 00:00:00-04:00,57.20000076293945,58.2599983215332,56.869998931884766,58.16999816894531,58.16999816894531,3558200,0.0,0.0,0.0
2006-10-25 00:00:00-04:00,57.83000183105469,58.779998779296875,57.54999923706055,58.7599983215332,58.7599983215332,4384200,0.0,0.0,0.0
2006-10-26 00:00:00-04:00,59.029998779296875,59.45000076293945,58.97999954223633,59.290000915527344,59.290000915527344,5241100,0.0,0.0,0.0
2006-10-27 00:00:00-04:00,59.43000030517578,59.56999969482422,59.040000915527344,59.400001525878906,59.400001525878906,3080700,0.0,0.0,0.0
2006-10-30 00:00:00-05:00,60.04999923706055,60.650001525878906,59.880001068115234,59.900001525878906,59.900001525878906,4675700,0.0,0.0,0.0
2006-10-31 00:00:00-05:00,59.59000015258789,60.36000061035156,59.56999969482422,60.2400016784668,60.2400016784668,4603000,0.0,0.0,0.0
2006-11-01 00:00:00-05:00,61.029998779296875,61.54999923706055,60.68000030517578,61.36000061035156,61.36000061035156,8172300,0.0,0.0,0.0
2006-11-02 00:00:00-05:00,61.470001220703125,62.189998626708984,61.470001220703125,61.91999816894531,61.91999816894531,6680500,0.0,0.0,0.0
2006-11-03 00:00:00-05:00,61.810001373291016,62.5,61.650001525878906,62.29999923706055,62.29999923706055,7359200,0.0,0.0,0.0
2006-11-06 00:00:00-05:00,62.16999816894531,62.34000015258789,61.849998474121094,61.88999938964844,61.88999938964844,4078400,0.0,0.0,0.0
2006-11-07 00:00:00-05:00,62.349998474121094,62.47999954223633,61.970001220703125,62.040000915527344,62.040000915527344,5332400,0.0,0.0,0.0
2006-11-08 00:00:00-05:00,61.939998626708984,62.08000183105469,60.869998931884766,61.11000061035156,61.11000061035156,5319300,0.0,0.0,0.0
2006-11-09 00:00:00-05:00,62.119998931884766,63.130001068115234,61.939998626708984,62.95000076293945,62.95000076293945,6634800,0.0,0.0,0.0
2006-11-10 00:00:00-05:00,62.70000076293945,62.81999969482422,62.060001373291016,62.4900016784668,62.4900016784668,4437000,0.0,0.0,0.0
2006-11-13 00:00:00-05:00,61.93000030517578,62.25,61.77000045776367,62.189998626708984,62.189998626708984,3408800,0.0,0.0,0.0
2006-11-14 00:00:00-05:00,62.310001373291016,62.52000045776367,61.459999084472656,61.630001068115234,61.630001068115234,5706200,0.0,0.0,0.0
2006-11-15 00:00:00-05:00,61.34000015258789,62.06999969482422,61.25,61.84000015258789,61.84000015258789,3760500,0.0,0.0,0.0
2006-11-16 00:00:00-05:00,62.15999984741211,62.29999923706055,61.27000045776367,61.310001373291016,61.310001373291016,4347500,0.0,0.0,0.0
2006-11-17 00:00:00-05:00,61.400001525878906,61.779998779296875,61.34000015258789,61.779998779296875,61.779998779296875,3390900,0.0,0.0,0.0
2006-11-20 00:00:00-05:00,62.060001373291016,62.25,61.560001373291016,61.77000045776367,61.77000045776367,2947200,0.0,0.0,0.0
2006-11-21 00:00:00-05:00,62.25,62.52000045776367,62.029998779296875,62.27000045776367,62.27000045776367,2930400,0.0,0.0,0.0
2006-11-22 00:00:00-05:00,62.63999938964844,63.06999969482422,62.25,62.5,62.5,4863600,0.0,0.0,0.0
2006-11-24 00:00:00-05:00,63.47999954223633,63.68000030517578,63.310001373291016,63.5,63.5,6886100,0.0,0.0,0.0
2006-11-27 00:00:00-05:00,63.459999084472656,63.7400016784668,63.31999969482422,63.70000076293945,63.70000076293945,5249800,0.0,0.0,0.0
2006-11-28 00:00:00-05:00,63.599998474121094,63.709999084472656,62.81999969482422,63.56999969482422,63.56999969482422,6057400,0.0,0.0,0.0
2006-11-29 00:00:00-05:00,63.369998931884766,63.38999938964844,63.08000183105469,63.15999984741211,63.15999984741211,4006500,0.0,0.0,0.0
2006-11-30 00:00:00-05:00,64.06999969482422,64.43000030517578,63.900001525878906,64.38999938964844,64.38999938964844,6362700,0.0,0.0,0.0
2006-12-01 00:00:00-05:00,64.19999694824219,64.55000305175781,63.9900016784668,64.12000274658203,64.12000274658203,6363800,0.0,0.0,0.0
2006-12-04 00:00:00-05:00,64.02999877929688,64.13999938964844,63.560001373291016,64.12000274658203,64.12000274658203,3469100,0.0,0.0,0.0
2006-12-05 00:00:00-05:00,64.25,64.41999816894531,63.36000061035156,63.810001373291016,63.810001373291016,5254600,0.0,0.0,0.0
2006-12-06 00:00:00-05:00,63.08000183105469,63.45000076293945,62.290000915527344,62.689998626708984,62.689998626708984,6386500,0.0,0.0,0.0
2006-12-07 00:00:00-05:00,62.63999938964844,62.779998779296875,61.9900016784668,62.72999954223633,62.72999954223633,5384600,0.0,0.0,0.0
2006-12-08 00:00:00-05:00,63.08000183105469,63.34000015258789,61.869998931884766,62.04999923706055,62.04999923706055,6080900,0.0,0.0,0.0
2006-12-11 00:00:00-05:00,62.18000030517578,62.599998474121094,62.06999969482422,62.56999969482422,62.56999969482422,3163800,0.0,0.0,0.0
2006-12-12 00:00:00-05:00,62.40999984741211,62.560001373291016,62.16999816894531,62.52000045776367,62.52000045776367,3017900,0.0,0.0,0.0
2006-12-13 00:00:00-05:00,62.099998474121094,62.56999969482422,61.880001068115234,62.47999954223633,62.47999954223633,3595400,0.0,0.0,0.0
2006-12-14 00:00:00-05:00,62.290000915527344,62.470001220703125,62.040000915527344,62.119998931884766,62.119998931884766,2237300,0.0,0.0,0.0
2006-12-15 00:00:00-05:00,62.209999084472656,62.220001220703125,60.93000030517578,61.0,61.0,7427800,0.0,0.0,0.0
2006-12-18 00:00:00-05:00,60.849998474121094,61.11000061035156,60.650001525878906,61.040000915527344,61.040000915527344,3880800,0.0,0.0,0.0
2006-12-19 00:00:00-05:00,61.20000076293945,61.83000183105469,61.18000030517578,61.79999923706055,61.79999923706055,4254900,0.0,0.0,0.0
2006-12-20 00:00:00-05:00,61.63999938964844,61.79999923706055,61.45000076293945,61.619998931884766,61.619998931884766,2979300,0.0,0.0,0.0
2006-12-21 00:00:00-05:00,61.58000183105469,61.70000076293945,61.27000045776367,61.380001068115234,61.380001068115234,2483300,0.0,0.0,0.0
2006-12-22 00:00:00-05:00,61.45000076293945,61.79999923706055,61.31999969482422,61.650001525878906,61.650001525878906,1367400,0.0,0.0,0.0
2006-12-26 00:00:00-05:00,62.2400016784668,62.45000076293945,61.869998931884766,61.97999954223633,61.97999954223633,1975200,0.0,0.0,0.0
2006-12-27 00:00:00-05:00,62.29999923706055,62.459999084472656,62.16999816894531,62.220001220703125,62.220001220703125,3063500,0.0,0.0,0.0
2006-12-28 00:00:00-05:00,62.970001220703125,63.04999923706055,62.689998626708984,62.900001525878906,62.900001525878906,2538900,0.0,0.0,0.0
2006-12-29 00:00:00-05:00,62.90999984741211,63.25,62.880001068115234,63.209999084472656,63.209999084472656,2117200,0.0,0.0,0.0
2007-01-03 00:00:00-05:00,63.58000183105469,64.0199966430664,62.0,62.279998779296875,62.279998779296875,8061900,0.0,0.0,0.0
2007-01-04 00:00:00-05:00,62.06999969482422,62.5,61.52000045776367,61.650001525878906,61.650001525878906,4858600,0.0,0.0,0.0
2007-01-05 00:00:00-05:00,60.75,60.779998779296875,59.65999984741211,60.16999816894531,60.16999816894531,12500100,0.0,0.0,0.0
2007-01-08 00:00:00-05:00,60.380001068115234,60.540000915527344,59.849998474121094,60.47999954223633,60.47999954223633,3478700,0.0,0.0,0.0
2007-01-09 00:00:00-05:00,60.13999938964844,61.09000015258789,60.060001373291016,60.849998474121094,60.849998474121094,4170400,0.0,0.0,0.0
2007-01-10 00:00:00-05:00,60.459999084472656,60.81999969482422,60.060001373291016,60.59000015258789,60.59000015258789,3766000,0.0,0.0,0.0
2007-01-11 00:00:00-05:00,60.70000076293945,61.06999969482422,60.529998779296875,60.630001068115234,60.630001068115234,4640000,0.0,0.0,0.0
2007-01-12 00:00:00-05:00,61.0,62.279998779296875,60.900001525878906,62.16999816894531,62.16999816894531,5840200,0.0,0.0,0.0
2007-01-16 00:00:00-05:00,62.20000076293945,62.29999923706055,61.7400016784668,61.970001220703125,61.970001220703125,3201000,0.0,0.0,0.0
2007-01-17 00:00:00-05:00,61.970001220703125,62.900001525878906,61.970001220703125,62.63999938964844,62.63999938964844,4516200,0.0,0.0,0.0
2007-01-18 00:00:00-05:00,62.9900016784668,63.15999984741211,62.150001525878906,62.2599983215332,62.2599983215332,4460100,0.0,0.0,0.0
2007-01-19 00:00:00-05:00,62.52000045776367,63.130001068115234,62.27000045776367,63.0,63.0,3258400,0.0,0.0,0.0
2007-01-22 00:00:00-05:00,63.0099983215332,63.47999954223633,62.650001525878906,62.720001220703125,62.720001220703125,3941200,0.0,0.0,0.0
2007-01-23 00:00:00-05:00,63.68000030517578,64.29000091552734,63.66999816894531,64.2300033569336,64.2300033569336,6322000,0.0,0.0,0.0
2007-01-24 00:00:00-05:00,63.709999084472656,64.41000366210938,63.369998931884766,64.33000183105469,64.33000183105469,5241200,0.0,0.0,0.0
2007-01-25 00:00:00-05:00,64.80000305175781,64.87999725341797,63.97999954223633,64.05999755859375,64.05999755859375,5985700,0.0,0.0,0.0
2007-01-26 00:00:00-05:00,64.16000366210938,64.30999755859375,63.7599983215332,64.16999816894531,64.16999816894531,3493900,0.0,0.0,0.0
2007-01-29 00:00:00-05:00,63.849998474121094,64.29000091552734,63.65999984741211,63.77000045776367,63.77000045776367,3487300,0.0,0.0,0.0
2007-01-30 00:00:00-05:00,63.91999816894531,64.2300033569336,63.83000183105469,64.22000122070312,64.22000122070312,3094200,0.0,0.0,0.0
2007-01-31 00:00:00-05:00,63.9900016784668,64.9800033569336,63.95000076293945,64.83000183105469,64.83000183105469,5900900,0.0,0.0,0.0
2007-02-01 00:00:00-05:00,65.44999694824219,65.62999725341797,65.05999755859375,65.22000122070312,65.22000122070312,6284700,0.0,0.0,0.0
2007-02-02 00:00:00-05:00,64.76000213623047,64.80000305175781,63.79999923706055,64.27999877929688,64.27999877929688,9078500,0.0,0.0,0.0
2007-02-05 00:00:00-05:00,64.68000030517578,64.69000244140625,64.23999786376953,64.30999755859375,64.30999755859375,2553500,0.0,0.0,0.0
2007-02-06 00:00:00-05:00,65.05000305175781,65.0999984741211,64.52999877929688,64.79000091552734,64.79000091552734,2928800,0.0,0.0,0.0
2007-02-07 00:00:00-05:00,64.77999877929688,65.1500015258789,64.4800033569336,64.62999725341797,64.62999725341797,3075300,0.0,0.0,0.0
2007-02-08 00:00:00-05:00,64.91999816894531,65.61000061035156,64.83000183105469,65.5199966430664,65.5199966430664,4769900,0.0,0.0,0.0
2007-02-09 00:00:00-05:00,65.2699966430664,66.37999725341797,65.22000122070312,66.12000274658203,66.12000274658203,6816500,0.0,0.0,0.0
2007-02-12 00:00:00-05:00,66.0,66.11000061035156,65.41000366210938,65.66999816894531,65.66999816894531,4113500,0.0,0.0,0.0
2007-02-13 00:00:00-05:00,66.12999725341797,66.33999633789062,65.55000305175781,65.83999633789062,65.83999633789062,4143300,0.0,0.0,0.0
2007-02-14 00:00:00-05:00,66.2300033569336,66.66000366210938,65.97000122070312,66.37000274658203,66.37000274658203,4174600,0.0,0.0,0.0
2007-02-15 00:00:00-05:00,66.22000122070312,66.52999877929688,65.70999908447266,66.41000366210938,66.41000366210938,7673400,0.0,0.0,0.0
2007-02-16 00:00:00-05:00,65.94000244140625,66.38999938964844,65.76000213623047,66.36000061035156,66.36000061035156,3200400,0.0,0.0,0.0
2007-02-20 00:00:00-05:00,66.0999984741211,66.0999984741211,65.0,65.30999755859375,65.30999755859375,4810700,0.0,0.0,0.0
2007-02-21 00:00:00-05:00,65.30999755859375,67.70999908447266,65.19999694824219,67.3499984741211,67.3499984741211,11076700,0.0,0.0,0.0
2007-02-22 00:00:00-05:00,67.44000244140625,67.55999755859375,66.97000122070312,67.1500015258789,67.1500015258789,6562800,0.0,0.0,0.0
2007-02-23 00:00:00-05:00,67.3499984741211,68.29000091552734,67.3499984741211,67.72000122070312,67.72000122070312,8126200,0.0,0.0,0.0
2007-02-26 00:00:00-05:00,67.97000122070312,68.2300033569336,67.62999725341797,68.0999984741211,68.0999984741211,5254200,0.0,0.0,0.0
2007-02-27 00:00:00-05:00,67.33999633789062,68.33000183105469,65.06999969482422,65.41000366210938,65.41000366210938,15208600,0.0,0.0,0.0
2007-02-28 00:00:00-05:00,66.7300033569336,66.93000030517578,65.54000091552734,66.4800033569336,66.4800033569336,8924200,0.0,0.0,0.0
2007-03-01 00:00:00-05:00,66.2300033569336,66.75,65.58000183105469,65.81999969482422,65.81999969482422,7108000,0.0,0.0,0.0
2007-03-02 00:00:00-05:00,64.58999633789062,65.0,63.34000015258789,63.709999084472656,63.709999084472656,13732200,0.0,0.0,0.0
2007-03-05 00:00:00-05:00,63.119998931884766,63.779998779296875,62.619998931884766,62.93000030517578,62.93000030517578,9829800,0.0,0.0,0.0
2007-03-06 00:00:00-05:00,63.65999984741211,64.37000274658203,63.459999084472656,64.1500015258789,64.1500015258789,6992700,0.0,0.0,0.0
2007-03-07 00:00:00-05:00,64.13999938964844,64.63999938964844,63.54999923706055,64.30000305175781,64.30000305175781,6131800,0.0,0.0,0.0
2007-03-08 00:00:00-05:00,64.79000091552734,65.04000091552734,64.43000030517578,64.4800033569336,64.4800033569336,4285000,0.0,0.0,0.0
2007-03-09 00:00:00-05:00,64.81999969482422,65.22000122070312,64.1500015258789,64.25,64.25,9025500,0.0,0.0,0.0
2007-03-12 00:00:00-04:00,64.54000091552734,64.73999786376953,63.959999084472656,64.37000274658203,64.37000274658203,4558800,0.0,0.0,0.0
2007-03-13 00:00:00-04:00,64.29000091552734,64.69000244140625,63.56999969482422,63.720001220703125,63.720001220703125,4332100,0.0,0.0,0.0
2007-03-14 00:00:00-04:00,63.34000015258789,64.05999755859375,63.09000015258789,63.939998626708984,63.939998626708984,7417000,0.0,0.0,0.0
2007-03-15 00:00:00-04:00,64.02999877929688,64.45999908447266,63.880001068115234,63.97999954223633,63.97999954223633,7037700,0.0,0.0,0.0
2007-03-16 00:00:00-04:00,64.54000091552734,64.98999786376953,64.37999725341797,64.62000274658203,64.62000274658203,5040100,0.0,0.0,0.0
2007-03-19 00:00:00-04:00,64.87999725341797,64.94000244140625,64.62999725341797,64.73999786376953,64.73999786376953,2990500,0.0,0.0,0.0
2007-03-20 00:00:00-04:00,64.93000030517578,65.54000091552734,64.93000030517578,65.2699966430664,65.2699966430664,4416300,0.0,0.0,0.0
2007-03-21 00:00:00-04:00,65.54000091552734,65.9000015258789,65.12000274658203,65.81999969482422,65.81999969482422,5059000,0.0,0.0,0.0
2007-03-22 00:00:00-04:00,65.77999877929688,66.12999725341797,65.5999984741211,65.76000213623047,65.76000213623047,4719700,0.0,0.0,0.0
2007-03-23 00:00:00-04:00,65.79000091552734,65.9000015258789,64.9000015258789,65.1500015258789,65.1500015258789,5593000,0.0,0.0,0.0
2007-03-26 00:00:00-04:00,65.36000061035156,65.97000122070312,65.36000061035156,65.83999633789062,65.83999633789062,3928800,0.0,0.0,0.0
2007-03-27 00:00:00-04:00,65.87999725341797,65.97000122070312,65.5,65.69999694824219,65.69999694824219,3261700,0.0,0.0,0.0
2007-03-28 00:00:00-04:00,66.13999938964844,66.4800033569336,65.7699966430664,66.05000305175781,66.05000305175781,6310000,0.0,0.0,0.0
2007-03-29 00:00:00-04:00,65.97000122070312,66.0,64.93000030517578,65.6500015258789,65.6500015258789,5448300,0.0,0.0,0.0
2007-03-30 00:00:00-04:00,65.73999786376953,66.20999908447266,65.48999786376953,65.73999786376953,65.73999786376953,4290200,0.0,0.0,0.0
2007-04-02 00:00:00-04:00,65.73999786376953,66.13999938964844,65.02999877929688,65.8499984741211,65.8499984741211,5378100,0.0,0.0,0.0
2007-04-03 00:00:00-04:00,65.66999816894531,66.22000122070312,65.6500015258789,65.83000183105469,65.83000183105469,4141700,0.0,0.0,0.0
2007-04-04 00:00:00-04:00,66.08999633789062,66.9800033569336,66.0,66.80999755859375,66.80999755859375,7126100,0.0,0.0,0.0
2007-04-05 00:00:00-04:00,66.69999694824219,66.95999908447266,66.58999633789062,66.86000061035156,66.86000061035156,3592700,0.0,0.0,0.0
2007-04-09 00:00:00-04:00,66.87999725341797,67.19999694824219,66.45999908447266,66.52999877929688,66.52999877929688,3297300,0.0,0.0,0.0
2007-04-10 00:00:00-04:00,67.16000366210938,67.55000305175781,66.9800033569336,67.16000366210938,67.16000366210938,2741900,0.0,0.0,0.0
2007-04-11 00:00:00-04:00,67.26000213623047,67.5,66.80999755859375,67.08000183105469,67.08000183105469,4357100,0.0,0.0,0.0
2007-04-12 00:00:00-04:00,67.05999755859375,67.25,66.4800033569336,66.98999786376953,66.98999786376953,6021900,0.0,0.0,0.0
2007-04-13 00:00:00-04:00,67.48999786376953,67.97000122070312,67.19000244140625,67.83999633789062,67.83999633789062,5062700,0.0,0.0,0.0
2007-04-16 00:00:00-04:00,68.13999938964844,68.5,67.68000030517578,68.4000015258789,68.4000015258789,7912300,0.0,0.0,0.0
2007-04-17 00:00:00-04:00,68.30999755859375,68.4800033569336,67.9800033569336,68.0,68.0,4159000,0.0,0.0,0.0
2007-04-18 00:00:00-04:00,68.0999984741211,68.44999694824219,67.94999694824219,68.37999725341797,68.37999725341797,4933500,0.0,0.0,0.0
2007-04-19 00:00:00-04:00,68.0,68.04000091552734,67.25,67.52999877929688,67.52999877929688,5344600,0.0,0.0,0.0
2007-04-20 00:00:00-04:00,68.58000183105469,68.7300033569336,68.3499984741211,68.69999694824219,68.69999694824219,3358100,0.0,0.0,0.0
2007-04-23 00:00:00-04:00,68.41000366210938,68.6500015258789,68.04000091552734,68.26000213623047,68.26000213623047,2487500,0.0,0.0,0.0
2007-04-24 00:00:00-04:00,68.44999694824219,68.5,67.43000030517578,67.7300033569336,67.7300033569336,5073700,0.0,0.0,0.0
2007-04-25 00:00:00-04:00,67.8499984741211,68.05999755859375,67.66000366210938,67.88999938964844,67.88999938964844,2614100,0.0,0.0,0.0
2007-04-26 00:00:00-04:00,67.43000030517578,67.43000030517578,66.5,66.87000274658203,66.87000274658203,4668000,0.0,0.0,0.0
2007-04-27 00:00:00-04:00,66.83999633789062,67.56999969482422,66.83999633789062,67.55999755859375,67.55999755859375,5231700,0.0,0.0,0.0
2007-04-30 00:00:00-04:00,67.19999694824219,67.5199966430664,67.04000091552734,67.08999633789062,67.08999633789062,2605400,0.0,0.0,0.0
2007-05-01 00:00:00-04:00,66.9800033569336,67.0,66.54000091552734,66.69000244140625,66.69000244140625,3946300,0.0,0.0,0.0
2007-05-02 00:00:00-04:00,66.33999633789062,66.75,66.11000061035156,66.66000366210938,66.66000366210938,4499300,0.0,0.0,0.0
2007-05-03 00:00:00-04:00,66.87000274658203,67.62000274658203,66.68000030517578,67.48999786376953,67.48999786376953,3936200,0.0,0.0,0.0
2007-05-04 00:00:00-04:00,67.73999786376953,68.43000030517578,67.73999786376953,68.19000244140625,68.19000244140625,3313800,0.0,0.0,0.0
2007-05-07 00:00:00-04:00,68.41999816894531,68.45999908447266,68.0199966430664,68.25,68.25,1995100,0.0,0.0,0.0
2007-05-08 00:00:00-04:00,67.94999694824219,68.0199966430664,67.52999877929688,67.87999725341797,67.87999725341797,2475300,0.0,0.0,0.0
2007-05-09 00:00:00-04:00,67.80999755859375,67.83999633789062,66.91999816894531,67.44999694824219,67.44999694824219,4647500,0.0,0.0,0.0
2007-05-10 00:00:00-04:00,67.04000091552734,67.11000061035156,65.80000305175781,66.0,66.0,5536000,0.0,0.0,0.0
2007-05-11 00:00:00-04:00,66.12999725341797,66.66000366210938,66.12999725341797,66.44999694824219,66.44999694824219,2937300,0.0,0.0,0.0
2007-05-14 00:00:00-04:00,66.62999725341797,66.6500015258789,66.0,66.27999877929688,66.27999877929688,3597600,0.0,0.0,0.0
2007-05-15 00:00:00-04:00,65.88999938964844,66.7300033569336,65.87999725341797,66.54000091552734,66.54000091552734,2566600,0.0,0.0,0.0
2007-05-16 00:00:00-04:00,66.37000274658203,66.37000274658203,65.31999969482422,65.5999984741211,65.5999984741211,7268500,0.0,0.0,0.0
2007-05-17 00:00:00-04:00,65.44000244140625,65.5999984741211,64.72000122070312,65.05999755859375,65.05999755859375,8707000,0.0,0.0,0.0
2007-05-18 00:00:00-04:00,65.06999969482422,65.66999816894531,64.8499984741211,65.5199966430664,65.5199966430664,3158200,0.0,0.0,0.0
2007-05-21 00:00:00-04:00,65.29000091552734,65.76000213623047,65.05999755859375,65.66999816894531,65.66999816894531,10954300,0.0,0.0,0.0
2007-05-22 00:00:00-04:00,65.69999694824219,65.81999969482422,65.16000366210938,65.19999694824219,65.19999694824219,5886700,0.0,0.0,0.0
2007-05-23 00:00:00-04:00,65.5199966430664,65.88999938964844,65.44999694824219,65.54000091552734,65.54000091552734,6441800,0.0,0.0,0.0
2007-05-24 00:00:00-04:00,65.45999908447266,65.45999908447266,64.5199966430664,64.75,64.75,6228000,0.0,0.0,0.0
2007-05-25 00:00:00-04:00,64.95999908447266,65.08000183105469,64.7300033569336,64.94000244140625,64.94000244140625,4217600,0.0,0.0,0.0
2007-05-29 00:00:00-04:00,65.12000274658203,65.56999969482422,64.94000244140625,65.06999969482422,65.06999969482422,3343100,0.0,0.0,0.0
2007-05-30 00:00:00-04:00,64.86000061035156,64.86000061035156,64.5999984741211,64.72000122070312,64.72000122070312,2742800,0.0,0.0,0.0
2007-05-31 00:00:00-04:00,65.16000366210938,65.58000183105469,65.06999969482422,65.54000091552734,65.54000091552734,7530700,0.0,0.0,0.0
2007-06-01 00:00:00-04:00,65.69999694824219,66.54000091552734,65.69999694824219,66.44000244140625,66.44000244140625,5634800,0.0,0.0,0.0
2007-06-04 00:00:00-04:00,66.61000061035156,66.76000213623047,66.30000305175781,66.54000091552734,66.54000091552734,2626300,0.0,0.0,0.0
2007-06-05 00:00:00-04:00,66.69999694824219,66.69999694824219,66.2300033569336,66.37000274658203,66.37000274658203,3728100,0.0,0.0,0.0
2007-06-06 00:00:00-04:00,66.11000061035156,66.55000305175781,65.87999725341797,66.41000366210938,66.41000366210938,3596600,0.0,0.0,0.0
2007-06-07 00:00:00-04:00,66.2699966430664,66.4000015258789,65.16000366210938,65.26000213623047,65.26000213623047,6394300,0.0,0.0,0.0
2007-06-08 00:00:00-04:00,64.87999725341797,65.0199966430664,63.7400016784668,64.22000122070312,64.22000122070312,7313100,0.0,0.0,0.0
2007-06-11 00:00:00-04:00,64.33999633789062,64.87000274658203,64.33999633789062,64.69999694824219,64.69999694824219,4606600,0.0,0.0,0.0
2007-06-12 00:00:00-04:00,64.5199966430664,64.52999877929688,63.90999984741211,64.0999984741211,64.0999984741211,4073200,0.0,0.0,0.0
2007-06-13 00:00:00-04:00,63.95000076293945,64.6500015258789,63.900001525878906,64.52999877929688,64.52999877929688,2803300,0.0,0.0,0.0
2007-06-14 00:00:00-04:00,64.16000366210938,64.80000305175781,63.95000076293945,64.5999984741211,64.5999984741211,2765400,0.0,0.0,0.0
2007-06-15 00:00:00-04:00,64.43000030517578,64.94000244140625,64.4000015258789,64.8499984741211,64.8499984741211,3032900,0.0,0.0,0.0
2007-06-18 00:00:00-04:00,65.19000244140625,65.25,64.81999969482422,64.94999694824219,64.94999694824219,1791000,0.0,0.0,0.0
2007-06-19 00:00:00-04:00,64.79000091552734,65.55999755859375,64.75,65.4800033569336,65.4800033569336,2700900,0.0,0.0,0.0
2007-06-20 00:00:00-04:00,65.41999816894531,65.51000213623047,64.5999984741211,64.70999908447266,64.70999908447266,2591600,0.0,0.0,0.0
2007-06-21 00:00:00-04:00,64.7300033569336,65.0199966430664,64.12999725341797,64.55999755859375,64.55999755859375,2709200,0.0,0.0,0.0
2007-06-22 00:00:00-04:00,64.9000015258789,64.9800033569336,64.43000030517578,64.77999877929688,64.77999877929688,1890800,0.0,0.0,0.0
2007-06-25 00:00:00-04:00,64.4800033569336,64.73999786376953,64.22000122070312,64.43000030517578,64.43000030517578,3424900,0.0,0.0,0.0
2007-06-26 00:00:00-04:00,64.19999694824219,64.25,63.38999938964844,63.619998931884766,63.619998931884766,8276400,0.0,0.0,0.0
2007-06-27 00:00:00-04:00,63.540000915527344,63.88999938964844,63.43000030517578,63.66999816894531,63.66999816894531,4689400,0.0,0.0,0.0
2007-06-28 00:00:00-04:00,63.97999954223633,64.37999725341797,63.90999984741211,64.26000213623047,64.26000213623047,4231700,0.0,0.0,0.0
2007-06-29 00:00:00-04:00,64.29000091552734,64.63999938964844,64.1500015258789,64.2699966430664,64.2699966430664,2756400,0.0,0.0,0.0
2007-07-02 00:00:00-04:00,64.51000213623047,65.2300033569336,64.51000213623047,65.0199966430664,65.0199966430664,2706200,0.0,0.0,0.0
2007-07-03 00:00:00-04:00,65.05999755859375,65.05999755859375,64.58000183105469,64.73999786376953,64.73999786376953,1835300,0.0,0.0,0.0
2007-07-05 00:00:00-04:00,64.98999786376953,65.0,63.91999816894531,64.41999816894531,64.41999816894531,4333200,0.0,0.0,0.0
2007-07-06 00:00:00-04:00,64.18000030517578,64.97000122070312,63.880001068115234,64.95999908447266,64.95999908447266,8080700,0.0,0.0,0.0
2007-07-09 00:00:00-04:00,65.0,65.68000030517578,64.98999786376953,65.37999725341797,65.37999725341797,5280800,0.0,0.0,0.0
2007-07-10 00:00:00-04:00,65.69999694824219,65.86000061035156,65.36000061035156,65.61000061035156,65.61000061035156,4016200,0.0,0.0,0.0
2007-07-11 00:00:00-04:00,65.81999969482422,65.81999969482422,65.33999633789062,65.44000244140625,65.44000244140625,3647000,0.0,0.0,0.0
2007-07-12 00:00:00-04:00,65.88999938964844,66.29000091552734,65.44999694824219,66.0199966430664,66.0199966430664,5870600,0.0,0.0,0.0
2007-07-13 00:00:00-04:00,66.08000183105469,66.2300033569336,65.66999816894531,66.02999877929688,66.02999877929688,3817800,0.0,0.0,0.0
2007-07-16 00:00:00-04:00,66.19000244140625,66.19000244140625,65.66999816894531,65.81999969482422,65.81999969482422,4579600,0.0,0.0,0.0
2007-07-17 00:00:00-04:00,65.66000366210938,66.08000183105469,65.6500015258789,65.75,65.75,1878600,0.0,0.0,0.0
2007-07-18 00:00:00-04:00,66.11000061035156,66.80000305175781,65.9000015258789,66.62000274658203,66.62000274658203,5238700,0.0,0.0,0.0
2007-07-19 00:00:00-04:00,66.69999694824219,67.12000274658203,66.61000061035156,67.01000213623047,67.01000213623047,4607900,0.0,0.0,0.0
2007-07-20 00:00:00-04:00,67.12999725341797,68.0,67.12000274658203,67.58000183105469,67.58000183105469,5408600,0.0,0.0,0.0
2007-07-23 00:00:00-04:00,67.80000305175781,67.80000305175781,67.30999755859375,67.47000122070312,67.47000122070312,3892400,0.0,0.0,0.0
2007-07-24 00:00:00-04:00,67.72000122070312,68.0,67.30000305175781,67.47000122070312,67.47000122070312,3763000,0.0,0.0,0.0
2007-07-25 00:00:00-04:00,67.19000244140625,67.22000122070312,66.3499984741211,66.9000015258789,66.9000015258789,7530500,0.0,0.0,0.0
2007-07-26 00:00:00-04:00,66.45999908447266,66.80000305175781,64.7300033569336,65.6500015258789,65.6500015258789,10704100,0.0,0.0,0.0
2007-07-27 00:00:00-04:00,65.27999877929688,65.61000061035156,64.97000122070312,65.41000366210938,65.41000366210938,5341900,0.0,0.0,0.0
2007-07-30 00:00:00-04:00,65.37000274658203,65.91999816894531,65.06999969482422,65.7699966430664,65.7699966430664,3046800,0.0,0.0,0.0
2007-07-31 00:00:00-04:00,66.18000030517578,66.38999938964844,65.12000274658203,65.79000091552734,65.79000091552734,4006500,0.0,0.0,0.0
2007-08-01 00:00:00-04:00,65.5,66.05999755859375,65.37999725341797,65.93000030517578,65.93000030517578,6364400,0.0,0.0,0.0
2007-08-02 00:00:00-04:00,65.95999908447266,66.01000213623047,65.55000305175781,65.88999938964844,65.88999938964844,5331500,0.0,0.0,0.0
2007-08-03 00:00:00-04:00,65.8499984741211,66.91999816894531,65.8499984741211,66.69000244140625,66.69000244140625,10736000,0.0,0.0,0.0
2007-08-06 00:00:00-04:00,66.66000366210938,66.66999816894531,66.20999908447266,66.5199966430664,66.5199966430664,2973200,0.0,0.0,0.0
2007-08-07 00:00:00-04:00,66.08999633789062,66.58000183105469,65.91000366210938,66.4800033569336,66.4800033569336,4147200,0.0,0.0,0.0
2007-08-08 00:00:00-04:00,66.7300033569336,67.54000091552734,66.18000030517578,66.7699966430664,66.7699966430664,4252100,0.0,0.0,0.0
2007-08-09 00:00:00-04:00,65.94999694824219,65.94999694824219,65.23999786376953,65.45999908447266,65.45999908447266,9407200,0.0,0.0,0.0
2007-08-10 00:00:00-04:00,65.44000244140625,66.95999908447266,65.44000244140625,66.56999969482422,66.56999969482422,8831700,0.0,0.0,0.0
2007-08-13 00:00:00-04:00,66.44999694824219,66.5199966430664,66.18000030517578,66.26000213623047,66.26000213623047,3644000,0.0,0.0,0.0
2007-08-14 00:00:00-04:00,66.25,66.5,65.94999694824219,66.29000091552734,66.29000091552734,4749600,0.0,0.0,0.0
2007-08-15 00:00:00-04:00,65.77999877929688,66.43000030517578,65.56999969482422,66.12999725341797,66.12999725341797,5886400,0.0,0.0,0.0
2007-08-16 00:00:00-04:00,65.48999786376953,65.80999755859375,63.470001220703125,64.68000030517578,64.68000030517578,18367500,0.0,0.0,0.0
2007-08-17 00:00:00-04:00,64.55999755859375,65.7300033569336,64.55999755859375,65.01000213623047,65.01000213623047,6374300,0.0,0.0,0.0
2007-08-20 00:00:00-04:00,65.05999755859375,65.4000015258789,64.77999877929688,65.12000274658203,65.12000274658203,4475200,0.0,0.0,0.0
2007-08-21 00:00:00-04:00,65.18000030517578,65.30000305175781,64.7300033569336,65.06999969482422,65.06999969482422,4478600,0.0,0.0,0.0
2007-08-22 00:00:00-04:00,65.22000122070312,65.52999877929688,65.16999816894531,65.4000015258789,65.4000015258789,4251100,0.0,0.0,0.0
2007-08-23 00:00:00-04:00,65.63999938964844,65.80000305175781,65.12999725341797,65.30999755859375,65.30999755859375,3027400,0.0,0.0,0.0
2007-08-24 00:00:00-04:00,65.41999816894531,66.20999908447266,65.30999755859375,66.11000061035156,66.11000061035156,3648300,0.0,0.0,0.0
2007-08-27 00:00:00-04:00,66.01000213623047,66.05000305175781,65.86000061035156,65.9800033569336,65.9800033569336,1865700,0.0,0.0,0.0
2007-08-28 00:00:00-04:00,65.94999694824219,66.0999984741211,65.4800033569336,65.58999633789062,65.58999633789062,3473100,0.0,0.0,0.0
2007-08-29 00:00:00-04:00,65.88999938964844,66.19999694824219,65.7300033569336,66.06999969482422,66.06999969482422,4469800,0.0,0.0,0.0
2007-08-30 00:00:00-04:00,65.87000274658203,66.0999984741211,65.62999725341797,65.80000305175781,65.80000305175781,3027700,0.0,0.0,0.0
2007-08-31 00:00:00-04:00,66.61000061035156,66.7699966430664,66.45999908447266,66.5199966430664,66.5199966430664,4089900,0.0,0.0,0.0
2007-09-04 00:00:00-04:00,66.73999786376953,67.66000366210938,66.58999633789062,67.44000244140625,67.44000244140625,6640300,0.0,0.0,0.0
2007-09-05 00:00:00-04:00,67.3499984741211,67.62000274658203,67.18000030517578,67.55999755859375,67.55999755859375,6268300,0.0,0.0,0.0
2007-09-06 00:00:00-04:00,67.91999816894531,69.08000183105469,67.88999938964844,68.86000061035156,68.86000061035156,15880800,0.0,0.0,0.0
2007-09-07 00:00:00-04:00,69.26000213623047,70.0,69.0,69.38999938964844,69.38999938964844,14960000,0.0,0.0,0.0
2007-09-10 00:00:00-04:00,69.95999908447266,69.95999908447266,68.7300033569336,69.62000274658203,69.62000274658203,7598500,0.0,0.0,0.0
2007-09-11 00:00:00-04:00,69.86000061035156,70.69999694824219,69.5199966430664,70.5199966430664,70.5199966430664,11182400,0.0,0.0,0.0
2007-09-12 00:00:00-04:00,70.5,70.62999725341797,69.83000183105469,70.45999908447266,70.45999908447266,8032800,0.0,0.0,0.0
2007-09-13 00:00:00-04:00,70.06999969482422,70.26000213623047,69.61000061035156,70.08000183105469,70.08000183105469,4612400,0.0,0.0,0.0
2007-09-14 00:00:00-04:00,69.9000015258789,70.97000122070312,69.86000061035156,69.98999786376953,69.98999786376953,7733200,0.0,0.0,0.0
2007-09-17 00:00:00-04:00,70.4000015258789,71.23999786376953,70.3499984741211,70.97000122070312,70.97000122070312,7457800,0.0,0.0,0.0
2007-09-18 00:00:00-04:00,71.19999694824219,72.0,70.4000015258789,71.69999694824219,71.69999694824219,14253100,0.0,0.0,0.0
2007-09-19 00:00:00-04:00,71.73999786376953,71.80000305175781,71.25,71.43000030517578,71.43000030517578,10937800,0.0,0.0,0.0
2007-09-20 00:00:00-04:00,72.1500015258789,73.0999984741211,71.94999694824219,72.72000122070312,72.72000122070312,11945000,0.0,0.0,0.0
2007-09-21 00:00:00-04:00,72.6500015258789,73.0,71.47000122070312,72.33999633789062,72.33999633789062,9937400,0.0,0.0,0.0
2007-09-24 00:00:00-04:00,72.56999969482422,72.62999725341797,71.81999969482422,72.27999877929688,72.27999877929688,6475100,0.0,0.0,0.0
2007-09-25 00:00:00-04:00,71.81999969482422,72.58999633789062,71.63999938964844,72.33000183105469,72.33000183105469,5503500,0.0,0.0,0.0
2007-09-26 00:00:00-04:00,72.25,72.93000030517578,71.8499984741211,72.0,72.0,9418300,0.0,0.0,0.0
2007-09-27 00:00:00-04:00,72.6500015258789,72.80000305175781,72.16999816894531,72.69999694824219,72.69999694824219,5728200,0.0,0.0,0.0
2007-09-28 00:00:00-04:00,73.19000244140625,73.80000305175781,72.73999786376953,73.51000213623047,73.51000213623047,8837600,0.0,0.0,0.0
2007-10-01 00:00:00-04:00,73.48999786376953,73.9800033569336,73.29000091552734,73.9000015258789,73.9000015258789,4823700,0.0,0.0,0.0
2007-10-02 00:00:00-04:00,72.44999694824219,72.68000030517578,71.62999725341797,72.3499984741211,72.3499984741211,10720000,0.0,0.0,0.0
2007-10-03 00:00:00-04:00,72.25,72.6500015258789,71.3499984741211,71.9000015258789,71.9000015258789,8186000,0.0,0.0,0.0
2007-10-04 00:00:00-04:00,71.80000305175781,73.05999755859375,71.23999786376953,72.87000274658203,72.87000274658203,9178500,0.0,0.0,0.0
2007-10-05 00:00:00-04:00,72.80000305175781,73.63999938964844,71.87999725341797,73.4000015258789,73.4000015258789,10597200,0.0,0.0,0.0
2007-10-08 00:00:00-04:00,72.66000366210938,72.88999938964844,72.27999877929688,72.52999877929688,72.52999877929688,3447600,0.0,0.0,0.0
2007-10-09 00:00:00-04:00,72.29000091552734,73.30000305175781,72.0999984741211,73.08999633789062,73.08999633789062,7416100,0.0,0.0,0.0
2007-10-10 00:00:00-04:00,73.5999984741211,73.81999969482422,72.62999725341797,73.36000061035156,73.36000061035156,4615000,0.0,0.0,0.0
2007-10-11 00:00:00-04:00,73.9800033569336,74.58999633789062,73.27999877929688,73.91000366210938,73.91000366210938,10291400,0.0,0.0,0.0
2007-10-12 00:00:00-04:00,73.93000030517578,74.58999633789062,73.75,74.58999633789062,74.58999633789062,3604200,0.0,0.0,0.0
2007-10-15 00:00:00-04:00,74.98999786376953,75.19999694824219,74.48999786376953,75.13999938964844,75.13999938964844,6705300,0.0,0.0,0.0
2007-10-16 00:00:00-04:00,74.87000274658203,75.44999694824219,73.77999877929688,75.12000274658203,75.12000274658203,6622900,0.0,0.0,0.0
2007-10-17 00:00:00-04:00,75.30999755859375,75.66000366210938,74.30999755859375,74.5,74.5,9355300,0.0,0.0,0.0
2007-10-18 00:00:00-04:00,75.37999725341797,76.0,75.33000183105469,76.0,76.0,5646900,0.0,0.0,0.0
2007-10-19 00:00:00-04:00,76.08999633789062,76.29000091552734,74.54000091552734,75.69999694824219,75.69999694824219,9507800,0.0,0.0,0.0
2007-10-22 00:00:00-04:00,74.08999633789062,74.7699966430664,73.83999633789062,74.5999984741211,74.5999984741211,8636500,0.0,0.0,0.0
2007-10-23 00:00:00-04:00,75.11000061035156,75.26000213623047,74.62999725341797,75.2300033569336,75.2300033569336,3096400,0.0,0.0,0.0
2007-10-24 00:00:00-04:00,74.83999633789062,75.58999633789062,74.79000091552734,75.5199966430664,75.5199966430664,5660600,0.0,0.0,0.0
2007-10-25 00:00:00-04:00,75.94000244140625,76.16999816894531,75.66000366210938,76.02999877929688,76.02999877929688,6487800,0.0,0.0,0.0
2007-10-26 00:00:00-04:00,76.87000274658203,77.73999786376953,76.66999816894531,77.69000244140625,77.69000244140625,8544200,0.0,0.0,0.0
2007-10-29 00:00:00-04:00,78.2699966430664,78.31999969482422,77.6500015258789,78.12000274658203,78.12000274658203,6881000,0.0,0.0,0.0
2007-10-30 00:00:00-04:00,77.66000366210938,77.66000366210938,77.01000213623047,77.3499984741211,77.3499984741211,5608600,0.0,0.0,0.0
2007-10-31 00:00:00-04:00,77.77999877929688,78.94999694824219,76.88999938964844,78.62000274658203,78.62000274658203,8872900,0.0,0.0,0.0
2007-11-01 00:00:00-04:00,78.4000015258789,78.9000015258789,77.5,77.93000030517578,77.93000030517578,7545500,0.0,0.0,0.0
2007-11-02 00:00:00-04:00,78.55000305175781,79.9000015258789,77.4800033569336,79.83000183105469,79.83000183105469,9911400,0.0,0.0,0.0
2007-11-05 00:00:00-05:00,79.68000030517578,80.23999786376953,79.11000061035156,79.75,79.75,5025300,0.0,0.0,0.0
2007-11-06 00:00:00-05:00,81.02999877929688,81.5199966430664,80.69999694824219,81.43000030517578,81.43000030517578,7692500,0.0,0.0,0.0
2007-11-07 00:00:00-05:00,83.20999908447266,83.23999786376953,81.33000183105469,82.23999786376953,82.23999786376953,16512900,0.0,0.0,0.0
2007-11-08 00:00:00-05:00,82.43000030517578,83.62999725341797,81.7300033569336,82.2300033569336,82.2300033569336,17356200,0.0,0.0,0.0
2007-11-09 00:00:00-05:00,81.79000091552734,82.62999725341797,81.22000122070312,82.18000030517578,82.18000030517578,6947800,0.0,0.0,0.0
2007-11-12 00:00:00-05:00,80.41000366210938,80.44000244140625,78.25,78.30000305175781,78.30000305175781,17297000,0.0,0.0,0.0
2007-11-13 00:00:00-05:00,79.4000015258789,79.93000030517578,77.86000061035156,79.12000274658203,79.12000274658203,11438200,0.0,0.0,0.0
2007-11-14 00:00:00-05:00,80.20999908447266,80.68000030517578,79.91000366210938,80.27999877929688,80.27999877929688,5703700,0.0,0.0,0.0
2007-11-15 00:00:00-05:00,79.18000030517578,79.5,77.30000305175781,77.94999694824219,77.94999694824219,10908200,0.0,0.0,0.0
2007-11-16 00:00:00-05:00,78.33999633789062,78.8499984741211,77.16999816894531,77.75,77.75,8078000,0.0,0.0,0.0
2007-11-19 00:00:00-05:00,77.83999633789062,78.0,76.11000061035156,77.23999786376953,77.23999786376953,6088600,0.0,0.0,0.0
2007-11-20 00:00:00-05:00,78.02999877929688,80.04000091552734,77.30000305175781,79.47000122070312,79.47000122070312,12081600,0.0,0.0,0.0
2007-11-21 00:00:00-05:00,79.30000305175781,79.55000305175781,78.55999755859375,79.36000061035156,79.36000061035156,7264100,0.0,0.0,0.0
2007-11-23 00:00:00-05:00,80.04000091552734,81.61000061035156,80.0199966430664,81.25,81.25,5259700,0.0,0.0,0.0
2007-11-26 00:00:00-05:00,82.25,82.25,81.12999725341797,81.30000305175781,81.30000305175781,7440200,0.0,0.0,0.0
2007-11-27 00:00:00-05:00,80.69999694824219,80.88999938964844,79.80999755859375,80.0999984741211,80.0999984741211,7229900,0.0,0.0,0.0
2007-11-28 00:00:00-05:00,79.41999816894531,79.87000274658203,78.76000213623047,79.56999969482422,79.56999969482422,9706700,0.0,0.0,0.0
2007-11-29 00:00:00-05:00,79.27999877929688,79.33000183105469,78.27999877929688,78.27999877929688,78.27999877929688,9306700,0.0,0.0,0.0
2007-11-30 00:00:00-05:00,78.3499984741211,78.5999984741211,76.9800033569336,77.31999969482422,77.31999969482422,9509100,0.0,0.0,0.0
2007-12-03 00:00:00-05:00,77.38999938964844,78.30000305175781,77.30000305175781,78.27999877929688,78.27999877929688,6265700,0.0,0.0,0.0
2007-12-04 00:00:00-05:00,78.62999725341797,79.62000274658203,78.56999969482422,79.4000015258789,79.4000015258789,7721900,0.0,0.0,0.0
2007-12-05 00:00:00-05:00,79.25,79.25,78.19000244140625,78.62999725341797,78.62999725341797,7685300,0.0,0.0,0.0
2007-12-06 00:00:00-05:00,77.91999816894531,79.6500015258789,77.80000305175781,79.37000274658203,79.37000274658203,6840200,0.0,0.0,0.0
2007-12-07 00:00:00-05:00,79.01000213623047,79.5999984741211,78.19000244140625,78.5999984741211,78.5999984741211,8328500,0.0,0.0,0.0
2007-12-10 00:00:00-05:00,79.1500015258789,80.30000305175781,79.12999725341797,80.0,80.0,4850900,0.0,0.0,0.0
2007-12-11 00:00:00-05:00,79.75,80.45999908447266,78.68000030517578,78.83999633789062,78.83999633789062,9579200,0.0,0.0,0.0
2007-12-12 00:00:00-05:00,80.05000305175781,80.91999816894531,79.94000244140625,80.48999786376953,80.48999786376953,9702500,0.0,0.0,0.0
2007-12-13 00:00:00-05:00,79.58999633789062,79.62000274658203,78.30000305175781,78.5,78.5,9552200,0.0,0.0,0.0
2007-12-14 00:00:00-05:00,78.41000366210938,78.56999969482422,77.81999969482422,78.5199966430664,78.5199966430664,6827000,0.0,0.0,0.0
2007-12-17 00:00:00-05:00,78.12999725341797,78.79000091552734,77.80999755859375,78.12999725341797,78.12999725341797,6495900,0.0,0.0,0.0
2007-12-18 00:00:00-05:00,79.58999633789062,79.58999633789062,78.81999969482422,79.25,79.25,6757700,0.0,0.0,0.0
2007-12-19 00:00:00-05:00,79.2300033569336,79.56999969482422,78.9800033569336,79.23999786376953,79.23999786376953,5638500,0.0,0.0,0.0
2007-12-20 00:00:00-05:00,78.91000366210938,79.11000061035156,78.36000061035156,78.66999816894531,78.66999816894531,6345600,0.0,0.0,0.0
2007-12-21 00:00:00-05:00,80.16000366210938,80.31999969482422,79.91999816894531,80.0999984741211,80.0999984741211,4603300,0.0,0.0,0.0
2007-12-24 00:00:00-05:00,80.20999908447266,80.62999725341797,80.13999938964844,80.13999938964844,80.13999938964844,2863500,0.0,0.0,0.0
2007-12-26 00:00:00-05:00,81.05999755859375,81.66999816894531,81.0,81.5199966430664,81.5199966430664,5896700,0.0,0.0,0.0
2007-12-27 00:00:00-05:00,81.87999725341797,82.16999816894531,81.37000274658203,81.55999755859375,81.55999755859375,5050300,0.0,0.0,0.0
2007-12-28 00:00:00-05:00,82.37999725341797,83.0199966430664,82.3499984741211,83.0,83.0,5134700,0.0,0.0,0.0
2007-12-31 00:00:00-05:00,82.73999786376953,82.83000183105469,81.9800033569336,82.45999908447266,82.45999908447266,3815600,0.0,0.0,0.0
2008-01-02 00:00:00-05:00,83.55999755859375,85.13999938964844,83.44000244140625,84.86000061035156,84.86000061035156,12291100,0.0,0.0,0.0
2008-01-03 00:00:00-05:00,84.87000274658203,85.94000244140625,84.5999984741211,85.56999969482422,85.56999969482422,9553900,0.0,0.0,0.0
2008-01-04 00:00:00-05:00,85.33999633789062,85.55000305175781,84.43000030517578,85.12999725341797,85.12999725341797,8402200,0.0,0.0,0.0
2008-01-07 00:00:00-05:00,85.23999786376953,85.26000213623047,84.56999969482422,84.7699966430664,84.7699966430664,6944300,0.0,0.0,0.0
2008-01-08 00:00:00-05:00,86.27999877929688,87.12999725341797,86.16000366210938,86.77999877929688,86.77999877929688,9567900,0.0,0.0,0.0
2008-01-09 00:00:00-05:00,86.55999755859375,87.19999694824219,86.30000305175781,86.55000305175781,86.55000305175781,10080200,0.0,0.0,0.0
2008-01-10 00:00:00-05:00,86.41999816894531,88.45999908447266,86.41000366210938,88.25,88.25,12916300,0.0,0.0,0.0
2008-01-11 00:00:00-05:00,88.04000091552734,88.76000213623047,87.8499984741211,88.58000183105469,88.58000183105469,6978800,0.0,0.0,0.0
2008-01-14 00:00:00-05:00,89.44999694824219,89.94000244140625,89.0,89.54000091552734,89.54000091552734,10085000,0.0,0.0,0.0
2008-01-15 00:00:00-05:00,89.5999984741211,90.3499984741211,87.91000366210938,87.98999786376953,87.98999786376953,23853900,0.0,0.0,0.0
2008-01-16 00:00:00-05:00,88.16999816894531,88.66000366210938,86.31999969482422,86.69999694824219,86.69999694824219,26919000,0.0,0.0,0.0
2008-01-17 00:00:00-05:00,87.5,87.9800033569336,86.47000122070312,86.5,86.5,13592300,0.0,0.0,0.0
2008-01-18 00:00:00-05:00,87.16999816894531,87.45999908447266,86.51000213623047,87.41999816894531,87.41999816894531,9094500,0.0,0.0,0.0
